,mean,sd,hdi_3%,hdi_97%,mcse_mean,mcse_sd,ess_bulk,ess_tail,r_hat
regime_logits[0],0.031,0.997,-1.782,1.922,0.025,0.01,1618.0,4510.0,1.0
regime_logits[1],0.025,0.988,-1.874,1.855,0.036,0.01,735.0,4857.0,1.01
regime_logits[2],0.012,0.994,-1.918,1.825,0.013,0.011,6267.0,5390.0,1.0
regime_logits[3],-0.044,1.005,-2.023,1.771,0.022,0.011,2160.0,4909.0,1.0
regime_logits[4],-0.027,1.003,-1.768,1.954,0.017,0.011,3336.0,2829.0,1.0
regime_logits[5],0.029,0.994,-1.822,1.925,0.013,0.01,5903.0,5892.0,1.0
regime_logits[6],-0.026,0.983,-1.804,1.886,0.03,0.011,1049.0,3878.0,1.0
regime_logits[7],0.049,0.992,-1.756,1.989,0.029,0.013,1166.0,3743.0,1.01
regime_logits[8],-0.052,0.983,-1.856,1.806,0.03,0.01,1046.0,3840.0,1.0
regime_logits[9],0.033,0.997,-1.815,1.925,0.02,0.011,2435.0,5741.0,1.0
regime_logits[10],0.02,0.995,-1.747,2.05,0.015,0.01,4414.0,5830.0,1.0
regime_logits[11],-0.065,0.999,-1.982,1.762,0.036,0.011,780.0,3777.0,1.0
regime_logits[12],-0.017,0.989,-1.862,1.813,0.037,0.012,711.0,3498.0,1.01
regime_logits[13],-0.045,1.003,-1.976,1.819,0.028,0.012,1242.0,3721.0,1.0
regime_logits[14],0.055,1.011,-1.87,1.919,0.032,0.011,1009.0,4234.0,1.0
regime_logits[15],-0.038,0.992,-1.862,1.828,0.028,0.012,1232.0,3856.0,1.0
regime_logits[16],-0.032,1.004,-1.937,1.843,0.025,0.011,1652.0,4105.0,1.0
regime_logits[17],0.005,0.992,-1.83,1.874,0.012,0.011,6714.0,5579.0,1.0
regime_logits[18],-0.041,0.993,-1.847,1.897,0.039,0.01,655.0,4459.0,1.01
regime_logits[19],-0.045,0.984,-1.908,1.725,0.03,0.01,1044.0,4590.0,1.01
regime_logits[20],-0.012,0.986,-1.887,1.844,0.012,0.01,7067.0,5764.0,1.0
regime_logits[21],-0.025,1.009,-1.928,1.844,0.024,0.011,1769.0,4307.0,1.0
regime_logits[22],-0.045,1.005,-1.957,1.797,0.042,0.011,571.0,3948.0,1.01
regime_logits[23],-0.042,0.981,-1.916,1.763,0.03,0.011,1106.0,4878.0,1.0
regime_logits[24],-0.001,1.013,-1.945,1.86,0.012,0.01,6713.0,5475.0,1.0
regime_logits[25],0.028,1.007,-1.958,1.882,0.024,0.012,1730.0,4202.0,1.0
regime_logits[26],-0.042,0.999,-1.964,1.808,0.016,0.011,3904.0,5710.0,1.0
regime_logits[27],-0.032,1.019,-1.973,1.778,0.039,0.012,671.0,1638.0,1.01
regime_logits[28],-0.004,1.006,-1.799,1.931,0.016,0.01,3858.0,5450.0,1.0
regime_logits[29],-0.026,0.991,-1.917,1.786,0.023,0.01,1904.0,5338.0,1.0
regime_logits[30],-0.017,0.982,-1.896,1.805,0.016,0.01,3747.0,5570.0,1.0
regime_logits[31],-0.034,1.009,-1.89,1.895,0.036,0.011,783.0,3896.0,1.0
regime_logits[32],-0.025,0.981,-1.874,1.828,0.022,0.01,1972.0,5389.0,1.0
regime_logits[33],-0.054,0.976,-1.993,1.691,0.027,0.011,1307.0,4974.0,1.0
regime_logits[34],-0.071,0.993,-1.987,1.793,0.031,0.011,1007.0,3975.0,1.0
regime_logits[35],-0.04,1.01,-1.928,1.815,0.038,0.011,704.0,4573.0,1.01
regime_logits[36],0.016,0.999,-1.847,1.918,0.019,0.011,2657.0,5329.0,1.0
regime_logits[37],-0.002,1.002,-1.934,1.853,0.044,0.017,530.0,424.0,1.01
regime_logits[38],0.004,1.005,-1.866,1.898,0.013,0.01,5599.0,5584.0,1.0
regime_logits[39],0.005,0.991,-1.894,1.824,0.012,0.01,6725.0,4739.0,1.0
regime_logits[40],-0.047,1.005,-1.952,1.843,0.03,0.011,1129.0,4267.0,1.0
regime_logits[41],0.066,1.013,-1.813,1.992,0.033,0.012,952.0,4384.0,1.0
regime_logits[42],-0.002,0.985,-1.765,1.92,0.012,0.011,7007.0,5785.0,1.0
regime_logits[43],-0.027,1.025,-2.035,1.79,0.042,0.012,595.0,4287.0,1.01
regime_logits[44],0.045,1.003,-1.756,1.995,0.035,0.011,809.0,4383.0,1.01
regime_logits[45],-0.05,1.006,-1.943,1.812,0.022,0.01,2143.0,5077.0,1.0
regime_logits[46],-0.059,1.009,-2.042,1.734,0.036,0.011,770.0,3368.0,1.0
regime_logits[47],0.04,0.98,-1.808,1.865,0.037,0.011,683.0,3806.0,1.0
regime_logits[48],-0.041,1.01,-1.955,1.806,0.027,0.011,1364.0,5381.0,1.0
regime_logits[49],0.002,0.995,-1.747,1.962,0.014,0.011,4953.0,4146.0,1.0
regime_logits[50],-0.044,0.993,-1.878,1.816,0.012,0.01,6328.0,5772.0,1.0
regime_logits[51],-0.033,1.004,-1.93,1.819,0.039,0.012,664.0,2606.0,1.01
regime_logits[52],0.037,1.002,-1.837,1.891,0.025,0.01,1574.0,5201.0,1.0
regime_logits[53],0.04,1.002,-1.928,1.866,0.028,0.011,1307.0,3894.0,1.0
regime_logits[54],0.031,0.991,-1.809,1.934,0.014,0.01,4863.0,5401.0,1.0
regime_logits[55],-0.03,0.992,-1.91,1.78,0.031,0.01,1011.0,5283.0,1.01
regime_logits[56],0.005,1.013,-1.904,1.884,0.03,0.015,1175.0,522.0,1.0
regime_logits[57],0.015,1.008,-1.78,1.964,0.02,0.012,2675.0,1540.0,1.0
regime_logits[58],-0.014,0.983,-1.831,1.902,0.012,0.01,6762.0,5947.0,1.0
regime_logits[59],0.036,0.992,-1.784,1.951,0.019,0.011,2644.0,4307.0,1.0
regime_logits[60],0.017,0.962,-1.831,1.743,0.015,0.011,4193.0,5874.0,1.0
regime_logits[61],-0.041,1.004,-1.929,1.824,0.014,0.011,5026.0,5032.0,1.0
regime_logits[62],0.052,0.996,-1.807,1.951,0.022,0.011,2026.0,5167.0,1.0
regime_logits[63],-0.001,1.04,-1.883,2.026,0.037,0.034,885.0,537.0,1.01
regime_logits[64],-0.022,0.984,-1.87,1.793,0.016,0.011,3687.0,5729.0,1.0
regime_logits[65],0.025,1.001,-1.781,1.99,0.014,0.012,5003.0,4930.0,1.0
regime_logits[66],-0.023,0.998,-1.924,1.839,0.022,0.011,2067.0,5211.0,1.0
regime_logits[67],-0.023,0.998,-1.911,1.843,0.012,0.011,6425.0,5811.0,1.0
regime_logits[68],-0.062,1.003,-1.909,1.872,0.033,0.011,925.0,4229.0,1.0
regime_logits[69],0.032,1.005,-1.841,1.942,0.014,0.011,5338.0,4309.0,1.0
regime_logits[70],0.059,0.993,-1.823,1.912,0.027,0.012,1317.0,4311.0,1.0
regime_logits[71],0.016,1.008,-1.792,1.918,0.031,0.011,1057.0,4978.0,1.01
regime_logits[72],0.029,0.995,-1.818,1.926,0.013,0.011,5824.0,5520.0,1.0
regime_logits[73],0.02,1.003,-1.911,1.845,0.013,0.011,6166.0,5463.0,1.0
regime_logits[74],0.052,0.99,-1.699,2.005,0.036,0.01,754.0,4384.0,1.0
regime_logits[75],-0.037,0.984,-1.88,1.817,0.023,0.011,1831.0,5245.0,1.0
regime_logits[76],0.02,1.003,-1.956,1.818,0.013,0.01,5754.0,5687.0,1.0
regime_logits[77],-0.056,0.992,-1.954,1.779,0.015,0.011,4529.0,5817.0,1.0
regime_logits[78],0.045,1.003,-1.842,1.945,0.024,0.012,1674.0,5263.0,1.0
regime_logits[79],0.036,1.012,-1.887,1.869,0.031,0.011,1079.0,3853.0,1.0
regime_logits[80],-0.032,1.0,-1.922,1.828,0.015,0.011,4282.0,4254.0,1.0
regime_logits[81],-0.019,0.991,-1.922,1.804,0.012,0.01,6501.0,5436.0,1.0
regime_logits[82],-0.005,1.01,-1.875,1.878,0.013,0.011,6496.0,5705.0,1.0
regime_logits[83],0.049,1.005,-1.851,1.9,0.02,0.011,2487.0,4707.0,1.0
regime_logits[84],0.032,1.009,-1.883,1.898,0.018,0.013,2990.0,4845.0,1.0
regime_logits[85],0.033,0.994,-1.844,1.858,0.012,0.01,6420.0,5786.0,1.0
regime_logits[86],0.051,0.992,-1.77,1.954,0.035,0.012,809.0,4530.0,1.01
regime_logits[87],0.026,1.0,-1.779,1.937,0.014,0.01,5339.0,5628.0,1.0
regime_logits[88],0.009,0.999,-1.82,1.934,0.012,0.01,6649.0,5605.0,1.0
regime_logits[89],0.024,0.998,-1.811,1.936,0.035,0.01,814.0,5151.0,1.01
regime_logits[90],0.07,0.988,-1.795,1.913,0.032,0.011,961.0,4938.0,1.0
regime_logits[91],0.045,1.015,-1.865,1.954,0.028,0.012,1334.0,4491.0,1.0
regime_logits[92],0.007,1.014,-1.877,1.952,0.014,0.011,5608.0,4766.0,1.0
regime_logits[93],0.028,0.976,-1.798,1.856,0.022,0.01,1996.0,5256.0,1.0
regime_logits[94],0.018,0.988,-1.993,1.696,0.012,0.01,6707.0,5751.0,1.0
regime_logits[95],-0.007,0.996,-1.868,1.905,0.014,0.012,4751.0,4889.0,1.0
regime_logits[96],-0.02,1.004,-1.915,1.815,0.025,0.012,1702.0,3744.0,1.0
regime_logits[97],-0.011,0.99,-1.92,1.781,0.029,0.011,1197.0,849.0,1.0
regime_logits[98],-0.02,0.996,-1.885,1.834,0.013,0.01,6244.0,6086.0,1.0
regime_logits[99],0.017,1.011,-1.881,1.903,0.022,0.011,2176.0,4142.0,1.0
regime_logits[100],0.03,0.986,-1.867,1.82,0.027,0.011,1351.0,5162.0,1.01
regime_logits[101],-0.026,0.986,-1.881,1.828,0.024,0.011,1702.0,4715.0,1.0
regime_logits[102],0.05,1.003,-1.874,1.895,0.035,0.012,834.0,3152.0,1.0
regime_logits[103],-0.018,1.011,-1.929,1.892,0.014,0.01,5334.0,5515.0,1.0
regime_logits[104],-0.057,0.995,-1.938,1.822,0.028,0.011,1268.0,4700.0,1.0
regime_logits[105],0.035,0.994,-1.796,1.92,0.019,0.01,2744.0,5319.0,1.0
regime_logits[106],-0.001,0.983,-1.906,1.769,0.016,0.01,3870.0,5119.0,1.0
regime_logits[107],0.001,1.005,-1.871,1.918,0.013,0.01,6220.0,5638.0,1.0
regime_logits[108],0.055,1.017,-1.86,1.947,0.03,0.011,1111.0,4135.0,1.0
regime_logits[109],-0.002,0.998,-1.88,1.882,0.016,0.013,3758.0,4764.0,1.0
regime_logits[110],0.032,1.016,-1.914,1.901,0.027,0.012,1404.0,4903.0,1.0
regime_logits[111],0.075,0.985,-1.81,1.884,0.03,0.011,1061.0,3704.0,1.0
regime_logits[112],0.009,1.008,-1.744,2.034,0.012,0.011,7374.0,5816.0,1.0
regime_logits[113],-0.022,1.006,-1.921,1.846,0.016,0.011,3939.0,4675.0,1.0
regime_logits[114],0.009,1.022,-1.871,1.894,0.036,0.011,799.0,414.0,1.01
regime_logits[115],0.041,0.989,-1.81,1.959,0.021,0.01,2149.0,5815.0,1.0
regime_logits[116],0.004,1.017,-1.957,1.848,0.015,0.011,4601.0,5026.0,1.0
regime_logits[117],-0.028,1.0,-1.891,1.82,0.013,0.011,6066.0,5890.0,1.0
regime_logits[118],0.012,0.99,-1.808,1.922,0.014,0.012,5157.0,4277.0,1.0
regime_logits[119],-0.009,1.01,-1.886,1.877,0.028,0.013,1347.0,520.0,1.0
regime[0],0.542,0.498,0.0,1.0,0.036,0.003,187.0,187.0,1.02
regime[1],0.547,0.498,0.0,1.0,0.046,0.004,116.0,116.0,1.03
regime[2],0.523,0.5,0.0,1.0,0.013,0.001,1524.0,1524.0,1.0
regime[3],0.452,0.498,0.0,1.0,0.033,0.003,223.0,223.0,1.02
regime[4],0.492,0.5,0.0,1.0,0.005,0.0,8496.0,8000.0,1.0
regime[5],0.519,0.5,0.0,1.0,0.013,0.0,1527.0,1527.0,1.0
regime[6],0.45,0.498,0.0,1.0,0.041,0.004,144.0,144.0,1.02
regime[7],0.55,0.498,0.0,1.0,0.039,0.004,163.0,163.0,1.03
regime[8],0.447,0.497,0.0,1.0,0.046,0.005,116.0,116.0,1.03
regime[9],0.539,0.499,0.0,1.0,0.031,0.002,260.0,260.0,1.02
regime[10],0.522,0.5,0.0,1.0,0.012,0.001,1824.0,1824.0,1.0
regime[11],0.436,0.496,0.0,1.0,0.048,0.006,107.0,107.0,1.04
regime[12],0.457,0.498,0.0,1.0,0.042,0.004,140.0,140.0,1.03
regime[13],0.451,0.498,0.0,1.0,0.04,0.004,154.0,154.0,1.02
regime[14],0.55,0.498,0.0,1.0,0.045,0.005,124.0,124.0,1.03
regime[15],0.461,0.499,0.0,1.0,0.038,0.003,176.0,176.0,1.02
regime[16],0.458,0.498,0.0,1.0,0.03,0.003,282.0,282.0,1.01
regime[17],0.501,0.5,0.0,1.0,0.005,0.0,8267.0,8000.0,1.0
regime[18],0.445,0.497,0.0,1.0,0.047,0.005,112.0,112.0,1.03
regime[19],0.452,0.498,0.0,1.0,0.037,0.004,179.0,179.0,1.02
regime[20],0.48,0.5,0.0,1.0,0.015,0.001,1145.0,1145.0,1.01
regime[21],0.463,0.499,0.0,1.0,0.031,0.002,260.0,260.0,1.01
regime[22],0.444,0.497,0.0,1.0,0.048,0.005,108.0,108.0,1.04
regime[23],0.46,0.498,0.0,1.0,0.039,0.003,159.0,159.0,1.02
regime[24],0.493,0.5,0.0,1.0,0.006,0.0,7636.0,7636.0,1.0
regime[25],0.537,0.499,0.0,1.0,0.029,0.002,303.0,303.0,1.01
regime[26],0.465,0.499,0.0,1.0,0.024,0.002,441.0,441.0,1.01
regime[27],0.454,0.498,0.0,1.0,0.04,0.004,152.0,152.0,1.03
regime[28],0.496,0.5,0.0,1.0,0.006,0.0,8043.0,8000.0,1.0
regime[29],0.461,0.499,0.0,1.0,0.033,0.003,230.0,230.0,1.02
regime[30],0.476,0.499,0.0,1.0,0.027,0.001,353.0,353.0,1.01
regime[31],0.453,0.498,0.0,1.0,0.048,0.005,107.0,107.0,1.04
regime[32],0.465,0.499,0.0,1.0,0.029,0.002,292.0,292.0,1.02
regime[33],0.451,0.498,0.0,1.0,0.04,0.004,157.0,157.0,1.02
regime[34],0.438,0.496,0.0,1.0,0.042,0.005,138.0,138.0,1.03
regime[35],0.445,0.497,0.0,1.0,0.045,0.005,124.0,124.0,1.03
regime[36],0.525,0.499,0.0,1.0,0.017,0.001,905.0,905.0,1.01
regime[37],0.542,0.498,0.0,1.0,0.04,0.003,152.0,152.0,1.03
regime[38],0.515,0.5,0.0,1.0,0.011,0.0,2154.0,2154.0,1.0
regime[39],0.497,0.5,0.0,1.0,0.008,0.0,4207.0,4207.0,1.0
regime[40],0.456,0.498,0.0,1.0,0.039,0.003,162.0,162.0,1.02
regime[41],0.556,0.497,0.0,1.0,0.043,0.005,136.0,136.0,1.03
regime[42],0.492,0.5,0.0,1.0,0.01,0.0,2656.0,2656.0,1.0
regime[43],0.45,0.497,0.0,1.0,0.045,0.005,124.0,124.0,1.03
regime[44],0.548,0.498,0.0,1.0,0.04,0.004,151.0,151.0,1.02
regime[45],0.458,0.498,0.0,1.0,0.03,0.002,281.0,281.0,1.01
regime[46],0.444,0.497,0.0,1.0,0.047,0.005,112.0,112.0,1.04
regime[47],0.554,0.497,0.0,1.0,0.047,0.005,114.0,114.0,1.03
regime[48],0.46,0.498,0.0,1.0,0.035,0.003,206.0,206.0,1.02
regime[49],0.503,0.5,0.0,1.0,0.006,0.0,7800.0,7800.0,1.0
regime[50],0.476,0.499,0.0,1.0,0.018,0.001,774.0,774.0,1.01
regime[51],0.443,0.497,0.0,1.0,0.049,0.006,102.0,102.0,1.04
regime[52],0.54,0.498,0.0,1.0,0.032,0.003,238.0,238.0,1.02
regime[53],0.55,0.497,0.0,1.0,0.04,0.004,151.0,151.0,1.02
regime[54],0.529,0.499,0.0,1.0,0.019,0.001,723.0,723.0,1.01
regime[55],0.446,0.497,0.0,1.0,0.04,0.004,155.0,155.0,1.03
regime[56],0.524,0.499,0.0,1.0,0.029,0.001,289.0,289.0,1.01
regime[57],0.489,0.5,0.0,1.0,0.008,0.0,3975.0,3975.0,1.0
regime[58],0.487,0.5,0.0,1.0,0.01,0.0,2431.0,2431.0,1.0
regime[59],0.537,0.499,0.0,1.0,0.027,0.002,353.0,353.0,1.01
regime[60],0.524,0.499,0.0,1.0,0.021,0.001,549.0,549.0,1.01
regime[61],0.476,0.499,0.0,1.0,0.013,0.001,1396.0,1396.0,1.0
regime[62],0.54,0.498,0.0,1.0,0.036,0.003,197.0,197.0,1.02
regime[63],0.531,0.499,0.0,1.0,0.029,0.002,290.0,290.0,1.02
regime[64],0.475,0.499,0.0,1.0,0.017,0.001,859.0,859.0,1.0
regime[65],0.522,0.5,0.0,1.0,0.015,0.001,1046.0,1046.0,1.0
regime[66],0.463,0.499,0.0,1.0,0.033,0.003,222.0,222.0,1.02
regime[67],0.5,0.5,0.0,1.0,0.006,0.0,7064.0,7064.0,1.0
regime[68],0.444,0.497,0.0,1.0,0.046,0.005,115.0,115.0,1.03
regime[69],0.528,0.499,0.0,1.0,0.014,0.001,1329.0,1329.0,1.0
regime[70],0.539,0.498,0.0,1.0,0.034,0.003,215.0,215.0,1.02
regime[71],0.546,0.498,0.0,1.0,0.035,0.003,204.0,204.0,1.02
regime[72],0.52,0.5,0.0,1.0,0.01,0.0,2438.0,2438.0,1.0
regime[73],0.512,0.5,0.0,1.0,0.006,0.0,8040.0,8000.0,1.0
regime[74],0.553,0.497,0.0,1.0,0.045,0.005,121.0,121.0,1.04
regime[75],0.461,0.498,0.0,1.0,0.033,0.003,229.0,229.0,1.02
regime[76],0.518,0.5,0.0,1.0,0.013,0.0,1468.0,1468.0,1.0
regime[77],0.47,0.499,0.0,1.0,0.02,0.001,626.0,626.0,1.01
regime[78],0.541,0.498,0.0,1.0,0.035,0.003,202.0,202.0,1.02
regime[79],0.547,0.498,0.0,1.0,0.039,0.004,162.0,162.0,1.02
regime[80],0.468,0.499,0.0,1.0,0.02,0.001,653.0,653.0,1.0
regime[81],0.493,0.5,0.0,1.0,0.006,0.0,8175.0,8000.0,1.0
regime[82],0.495,0.5,0.0,1.0,0.006,0.0,8089.0,8000.0,1.0
regime[83],0.539,0.499,0.0,1.0,0.026,0.002,356.0,356.0,1.01
regime[84],0.53,0.499,0.0,1.0,0.025,0.002,391.0,391.0,1.01
regime[85],0.523,0.499,0.0,1.0,0.013,0.001,1563.0,1563.0,1.0
regime[86],0.552,0.497,0.0,1.0,0.043,0.005,134.0,134.0,1.03
regime[87],0.521,0.5,0.0,1.0,0.016,0.001,1013.0,1013.0,1.01
regime[88],0.503,0.5,0.0,1.0,0.006,0.0,7450.0,7450.0,1.0
regime[89],0.544,0.498,0.0,1.0,0.038,0.003,169.0,169.0,1.03
regime[90],0.554,0.497,0.0,1.0,0.044,0.005,128.0,128.0,1.03
regime[91],0.548,0.498,0.0,1.0,0.036,0.003,193.0,193.0,1.02
regime[92],0.497,0.5,0.0,1.0,0.006,0.0,6681.0,6681.0,1.0
regime[93],0.54,0.498,0.0,1.0,0.029,0.002,299.0,299.0,1.01
regime[94],0.515,0.5,0.0,1.0,0.012,0.0,1789.0,1789.0,1.0
regime[95],0.484,0.5,0.0,1.0,0.015,0.0,1072.0,1072.0,1.0
regime[96],0.472,0.499,0.0,1.0,0.029,0.002,298.0,298.0,1.01
regime[97],0.47,0.499,0.0,1.0,0.025,0.002,396.0,396.0,1.01
regime[98],0.48,0.5,0.0,1.0,0.013,0.001,1420.0,1420.0,1.0
regime[99],0.526,0.499,0.0,1.0,0.025,0.001,406.0,406.0,1.01
regime[100],0.542,0.498,0.0,1.0,0.035,0.003,203.0,203.0,1.02
regime[101],0.457,0.498,0.0,1.0,0.032,0.003,245.0,245.0,1.01
regime[102],0.555,0.497,0.0,1.0,0.044,0.005,127.0,127.0,1.03
regime[103],0.488,0.5,0.0,1.0,0.013,0.0,1542.0,1542.0,1.0
regime[104],0.446,0.497,0.0,1.0,0.042,0.005,141.0,141.0,1.03
regime[105],0.532,0.499,0.0,1.0,0.025,0.002,403.0,403.0,1.01
regime[106],0.481,0.5,0.0,1.0,0.018,0.001,744.0,744.0,1.01
regime[107],0.506,0.5,0.0,1.0,0.006,0.0,7882.0,7882.0,1.0
regime[108],0.548,0.498,0.0,1.0,0.039,0.004,160.0,160.0,1.02
regime[109],0.476,0.499,0.0,1.0,0.015,0.001,1070.0,1070.0,1.01
regime[110],0.545,0.498,0.0,1.0,0.035,0.003,201.0,201.0,1.02
regime[111],0.557,0.497,0.0,1.0,0.039,0.004,165.0,165.0,1.02
regime[112],0.512,0.5,0.0,1.0,0.01,0.0,2413.0,2413.0,1.0
regime[113],0.483,0.5,0.0,1.0,0.014,0.0,1319.0,1319.0,1.0
regime[114],0.542,0.498,0.0,1.0,0.039,0.003,162.0,162.0,1.02
regime[115],0.537,0.499,0.0,1.0,0.028,0.002,318.0,318.0,1.01
regime[116],0.486,0.5,0.0,1.0,0.01,0.0,2658.0,2658.0,1.0
regime[117],0.477,0.499,0.0,1.0,0.015,0.001,1165.0,1165.0,1.0
regime[118],0.511,0.5,0.0,1.0,0.01,0.0,2406.0,2406.0,1.0
regime[119],0.477,0.499,0.0,1.0,0.026,0.001,383.0,383.0,1.01
alpha_0,1.587,2.382,-2.403,5.291,0.268,0.041,90.0,977.0,1.05
alpha_1,0.935,2.399,-2.815,4.871,0.268,0.042,93.0,949.0,1.04
beta_0[0],0.087,0.779,-1.604,1.506,0.066,0.021,132.0,247.0,1.03
beta_0[1],-0.007,0.289,-0.642,0.494,0.006,0.014,2992.0,2193.0,1.0
beta_0[2],-0.135,0.423,-1.132,0.508,0.012,0.019,1587.0,1308.0,1.01
beta_1[0],-0.05,0.761,-1.548,1.461,0.065,0.019,135.0,271.0,1.03
beta_1[1],-0.03,0.281,-0.617,0.546,0.006,0.01,3233.0,2267.0,1.0
beta_1[2],-0.106,0.397,-1.0,0.595,0.009,0.013,2453.0,1945.0,1.01
transform_power[0],1.112,0.315,0.53,1.705,0.006,0.004,3109.0,4529.0,1.0
transform_power[1],0.992,0.295,0.419,1.519,0.003,0.004,7954.0,5241.0,1.0
transform_power[2],1.008,0.295,0.447,1.546,0.003,0.004,8005.0,4652.0,1.0
global_importance[0],0.481,0.266,0.019,0.882,0.01,0.003,654.0,396.0,1.01
global_importance[1],0.228,0.196,0.004,0.612,0.006,0.004,927.0,1759.0,1.0
global_importance[2],0.291,0.232,0.006,0.732,0.007,0.004,616.0,403.0,1.01
sigma_0,4.449,0.846,2.988,6.015,0.035,0.015,567.0,1315.0,1.0
sigma_1,4.407,0.851,3.048,6.169,0.038,0.013,482.0,1499.0,1.0
mixture_weights[0],0.936,0.07,0.817,1.0,0.001,0.002,3876.0,2830.0,1.0
mixture_weights[1],0.064,0.07,0.0,0.183,0.001,0.002,3876.0,2830.0,1.0
regime_probs[0],0.507,0.208,0.144,0.872,0.005,0.002,1618.0,4510.0,1.0
regime_probs[1],0.505,0.207,0.133,0.865,0.008,0.002,735.0,4857.0,1.01
regime_probs[2],0.502,0.207,0.128,0.861,0.003,0.002,6267.0,5390.0,1.0
regime_probs[3],0.491,0.209,0.109,0.845,0.005,0.002,2160.0,4909.0,1.0
regime_probs[4],0.495,0.209,0.146,0.876,0.004,0.002,3336.0,2829.0,1.0
regime_probs[5],0.506,0.207,0.139,0.873,0.003,0.002,5903.0,5892.0,1.0
regime_probs[6],0.494,0.205,0.149,0.875,0.006,0.002,1049.0,3878.0,1.0
regime_probs[7],0.511,0.206,0.159,0.89,0.006,0.002,1166.0,3743.0,1.01
regime_probs[8],0.489,0.206,0.135,0.859,0.006,0.002,1046.0,3840.0,1.0
regime_probs[9],0.506,0.207,0.153,0.885,0.004,0.002,2435.0,5741.0,1.0
regime_probs[10],0.505,0.207,0.157,0.893,0.003,0.002,4414.0,5830.0,1.0
regime_probs[11],0.486,0.208,0.109,0.842,0.008,0.002,780.0,3777.0,1.0
regime_probs[12],0.496,0.206,0.123,0.847,0.008,0.002,711.0,3498.0,1.01
regime_probs[13],0.491,0.208,0.12,0.858,0.006,0.002,1242.0,3721.0,1.0
regime_probs[14],0.512,0.21,0.134,0.872,0.007,0.002,1009.0,4234.0,1.0
regime_probs[15],0.491,0.207,0.134,0.862,0.006,0.002,1232.0,3856.0,1.0
regime_probs[16],0.494,0.208,0.126,0.863,0.005,0.002,1652.0,4105.0,1.0
regime_probs[17],0.501,0.207,0.138,0.867,0.003,0.002,6714.0,5579.0,1.0
regime_probs[18],0.492,0.207,0.122,0.854,0.008,0.002,655.0,4459.0,1.01
regime_probs[19],0.491,0.206,0.129,0.849,0.006,0.002,1044.0,4590.0,1.01
regime_probs[20],0.498,0.206,0.132,0.863,0.002,0.002,7067.0,5764.0,1.0
regime_probs[21],0.495,0.21,0.12,0.856,0.005,0.002,1769.0,4307.0,1.0
regime_probs[22],0.491,0.21,0.122,0.856,0.009,0.002,571.0,3948.0,1.01
regime_probs[23],0.492,0.205,0.128,0.854,0.006,0.002,1106.0,4878.0,1.0
regime_probs[24],0.5,0.21,0.125,0.865,0.003,0.002,6713.0,5475.0,1.0
regime_probs[25],0.505,0.209,0.148,0.891,0.005,0.002,1730.0,4202.0,1.0
regime_probs[26],0.491,0.208,0.123,0.859,0.004,0.002,3904.0,5710.0,1.0
regime_probs[27],0.493,0.212,0.122,0.855,0.008,0.002,671.0,1638.0,1.01
regime_probs[28],0.499,0.21,0.142,0.873,0.003,0.002,3858.0,5450.0,1.0
regime_probs[29],0.495,0.208,0.128,0.856,0.005,0.002,1904.0,5338.0,1.0
regime_probs[30],0.497,0.206,0.122,0.851,0.003,0.002,3747.0,5570.0,1.0
regime_probs[31],0.493,0.21,0.131,0.869,0.008,0.002,783.0,3896.0,1.0
regime_probs[32],0.495,0.205,0.133,0.862,0.005,0.002,1972.0,5389.0,1.0
regime_probs[33],0.489,0.204,0.12,0.844,0.006,0.002,1307.0,4974.0,1.0
regime_probs[34],0.485,0.207,0.121,0.857,0.007,0.002,1007.0,3975.0,1.0
regime_probs[35],0.493,0.21,0.127,0.86,0.008,0.002,704.0,4573.0,1.01
regime_probs[36],0.503,0.207,0.136,0.872,0.004,0.002,2657.0,5329.0,1.0
regime_probs[37],0.5,0.208,0.109,0.846,0.009,0.003,530.0,424.0,1.01
regime_probs[38],0.501,0.209,0.138,0.874,0.003,0.002,5599.0,5584.0,1.0
regime_probs[39],0.501,0.207,0.127,0.857,0.003,0.002,6725.0,4739.0,1.0
regime_probs[40],0.489,0.209,0.111,0.849,0.006,0.002,1129.0,4267.0,1.0
regime_probs[41],0.514,0.209,0.145,0.884,0.007,0.002,952.0,4384.0,1.0
regime_probs[42],0.5,0.205,0.146,0.872,0.002,0.002,7007.0,5785.0,1.0
regime_probs[43],0.495,0.212,0.116,0.857,0.009,0.002,595.0,4287.0,1.01
regime_probs[44],0.509,0.209,0.147,0.88,0.008,0.002,809.0,4383.0,1.01
regime_probs[45],0.489,0.21,0.111,0.843,0.005,0.002,2143.0,5077.0,1.0
regime_probs[46],0.487,0.209,0.115,0.85,0.008,0.002,770.0,3368.0,1.0
regime_probs[47],0.508,0.205,0.15,0.875,0.008,0.002,683.0,3806.0,1.0
regime_probs[48],0.492,0.209,0.124,0.859,0.006,0.002,1364.0,5381.0,1.0
regime_probs[49],0.5,0.208,0.148,0.877,0.003,0.002,4953.0,4146.0,1.0
regime_probs[50],0.491,0.208,0.133,0.86,0.003,0.002,6328.0,5772.0,1.0
regime_probs[51],0.493,0.209,0.127,0.86,0.008,0.002,664.0,2606.0,1.01
regime_probs[52],0.508,0.209,0.137,0.869,0.005,0.002,1574.0,5201.0,1.0
regime_probs[53],0.508,0.209,0.151,0.888,0.006,0.002,1307.0,3894.0,1.0
regime_probs[54],0.507,0.207,0.153,0.884,0.003,0.002,4863.0,5401.0,1.0
regime_probs[55],0.494,0.207,0.123,0.849,0.007,0.002,1011.0,5283.0,1.01
regime_probs[56],0.501,0.21,0.13,0.868,0.006,0.003,1175.0,522.0,1.0
regime_probs[57],0.503,0.21,0.155,0.887,0.004,0.002,2675.0,1540.0,1.0
regime_probs[58],0.497,0.206,0.138,0.87,0.003,0.002,6762.0,5947.0,1.0
regime_probs[59],0.508,0.207,0.151,0.882,0.004,0.002,2644.0,4307.0,1.0
regime_probs[60],0.503,0.203,0.138,0.851,0.003,0.002,4193.0,5874.0,1.0
regime_probs[61],0.491,0.208,0.127,0.861,0.003,0.002,5026.0,5032.0,1.0
regime_probs[62],0.511,0.208,0.144,0.879,0.005,0.002,2026.0,5167.0,1.0
regime_probs[63],0.501,0.213,0.136,0.887,0.006,0.004,885.0,537.0,1.01
regime_probs[64],0.495,0.206,0.126,0.849,0.003,0.002,3687.0,5729.0,1.0
regime_probs[65],0.504,0.208,0.144,0.88,0.003,0.002,5003.0,4930.0,1.0
regime_probs[66],0.495,0.207,0.127,0.863,0.005,0.002,2067.0,5211.0,1.0
regime_probs[67],0.495,0.208,0.129,0.863,0.003,0.002,6425.0,5811.0,1.0
regime_probs[68],0.487,0.208,0.129,0.867,0.007,0.002,925.0,4229.0,1.0
regime_probs[69],0.507,0.208,0.137,0.875,0.003,0.002,5338.0,4309.0,1.0
regime_probs[70],0.513,0.207,0.14,0.873,0.006,0.002,1317.0,4311.0,1.0
regime_probs[71],0.503,0.211,0.147,0.876,0.007,0.002,1057.0,4978.0,1.01
regime_probs[72],0.506,0.207,0.14,0.873,0.003,0.002,5824.0,5520.0,1.0
regime_probs[73],0.505,0.209,0.129,0.863,0.003,0.002,6166.0,5463.0,1.0
regime_probs[74],0.511,0.207,0.155,0.881,0.008,0.002,754.0,4384.0,1.0
regime_probs[75],0.492,0.206,0.132,0.86,0.005,0.002,1831.0,5245.0,1.0
regime_probs[76],0.504,0.208,0.124,0.86,0.003,0.002,5754.0,5687.0,1.0
regime_probs[77],0.489,0.207,0.124,0.856,0.003,0.002,4529.0,5817.0,1.0
regime_probs[78],0.51,0.208,0.137,0.875,0.005,0.002,1674.0,5263.0,1.0
regime_probs[79],0.507,0.21,0.132,0.866,0.007,0.002,1079.0,3853.0,1.0
regime_probs[80],0.493,0.208,0.126,0.86,0.003,0.002,4282.0,4254.0,1.0
regime_probs[81],0.496,0.207,0.128,0.859,0.003,0.002,6501.0,5436.0,1.0
regime_probs[82],0.5,0.209,0.129,0.863,0.003,0.002,6496.0,5705.0,1.0
regime_probs[83],0.51,0.208,0.136,0.87,0.004,0.002,2487.0,4707.0,1.0
regime_probs[84],0.507,0.209,0.132,0.87,0.004,0.002,2990.0,4845.0,1.0
regime_probs[85],0.507,0.208,0.137,0.865,0.003,0.002,6420.0,5786.0,1.0
regime_probs[86],0.511,0.207,0.146,0.876,0.007,0.002,809.0,4530.0,1.01
regime_probs[87],0.506,0.208,0.146,0.876,0.003,0.002,5339.0,5628.0,1.0
regime_probs[88],0.502,0.208,0.139,0.874,0.003,0.002,6649.0,5605.0,1.0
regime_probs[89],0.505,0.208,0.141,0.874,0.007,0.002,814.0,5151.0,1.01
regime_probs[90],0.515,0.206,0.142,0.871,0.007,0.002,961.0,4938.0,1.0
regime_probs[91],0.51,0.21,0.139,0.881,0.006,0.002,1334.0,4491.0,1.0
regime_probs[92],0.501,0.21,0.133,0.876,0.003,0.002,5608.0,4766.0,1.0
regime_probs[93],0.506,0.205,0.16,0.882,0.005,0.002,1996.0,5256.0,1.0
regime_probs[94],0.503,0.207,0.12,0.845,0.003,0.002,6707.0,5751.0,1.0
regime_probs[95],0.498,0.207,0.134,0.87,0.003,0.002,4751.0,4889.0,1.0
regime_probs[96],0.496,0.209,0.128,0.86,0.005,0.002,1702.0,3744.0,1.0
regime_probs[97],0.498,0.207,0.128,0.856,0.006,0.002,1197.0,849.0,1.0
regime_probs[98],0.496,0.208,0.132,0.862,0.003,0.002,6244.0,6086.0,1.0
regime_probs[99],0.503,0.21,0.132,0.87,0.005,0.002,2176.0,4142.0,1.0
regime_probs[100],0.506,0.206,0.134,0.861,0.006,0.002,1351.0,5162.0,1.01
regime_probs[101],0.494,0.206,0.132,0.862,0.005,0.002,1702.0,4715.0,1.0
regime_probs[102],0.511,0.208,0.133,0.869,0.007,0.002,834.0,3152.0,1.0
regime_probs[103],0.496,0.21,0.127,0.869,0.003,0.002,5334.0,5515.0,1.0
regime_probs[104],0.487,0.207,0.126,0.861,0.006,0.002,1268.0,4700.0,1.0
regime_probs[105],0.508,0.207,0.142,0.872,0.004,0.002,2744.0,5319.0,1.0
regime_probs[106],0.5,0.206,0.129,0.854,0.003,0.002,3870.0,5119.0,1.0
regime_probs[107],0.5,0.209,0.133,0.872,0.003,0.002,6220.0,5638.0,1.0
regime_probs[108],0.511,0.211,0.145,0.885,0.006,0.002,1111.0,4135.0,1.0
regime_probs[109],0.5,0.208,0.132,0.868,0.003,0.002,3758.0,4764.0,1.0
regime_probs[110],0.506,0.21,0.14,0.881,0.006,0.002,1404.0,4903.0,1.0
regime_probs[111],0.516,0.206,0.164,0.89,0.006,0.002,1061.0,3704.0,1.0
regime_probs[112],0.502,0.209,0.149,0.884,0.002,0.002,7374.0,5816.0,1.0
regime_probs[113],0.495,0.209,0.128,0.864,0.003,0.002,3939.0,4675.0,1.0
regime_probs[114],0.502,0.212,0.133,0.869,0.007,0.002,799.0,414.0,1.01
regime_probs[115],0.509,0.206,0.141,0.876,0.005,0.002,2149.0,5815.0,1.0
regime_probs[116],0.501,0.212,0.124,0.864,0.003,0.002,4601.0,5026.0,1.0
regime_probs[117],0.494,0.209,0.13,0.86,0.003,0.002,6066.0,5890.0,1.0
regime_probs[118],0.503,0.206,0.141,0.872,0.003,0.002,5157.0,4277.0,1.0
regime_probs[119],0.498,0.209,0.132,0.867,0.006,0.002,1347.0,520.0,1.0
